userid,key,summary,agent1,agent2,selection,worstAgent,betterAgent,value,time,comparisonType
4dd3e872,confidence,random,2000,200,2000,200,2000,7,1.50817E+12,3
60a3e922,confidence,maxdiv,400,2000,2000,400,2000,6,1.50817E+12,2
3db3e922,confidence,random,200,2000,2000,200,2000,4,1.50817E+12,3
60a3e922,confidence,max,200,400,400,200,400,7,1.50817E+12,1
c1a3e969,confidence,random,400,200,400,200,400,5,1.50817E+12,1
6bd3e974,confidence,max,2000,200,2000,200,2000,4,1.50817E+12,3
dfd3e9ba,confidence,maxdiv,200,400,400,200,400,5,1.50817E+12,1
3db3e922,confidence,maxdiv,400,200,400,200,400,6,1.50817E+12,1
4dd3e872,confidence,maxdiv,2000,400,400,400,2000,6,1.50817E+12,2
c1a3e969,confidence,maxdiv,200,2000,2000,200,2000,4,1.50817E+12,3
dfd3e9ba,confidence,maxdiv,200,2000,2000,200,2000,6,1.50817E+12,3
6bd3e974,confidence,random,400,2000,2000,400,2000,3,1.50817E+12,2
60a3e922,confidence,maxdiv,200,2000,200,200,2000,6,1.50817E+12,3
60a3e922,confidence,random,2000,400,400,400,2000,7,1.50817E+12,2
6dd3e960,confidence,random,200,400,400,200,400,6,1.50817E+12,1
3db3e922,confidence,maxdiv,2000,200,2000,200,2000,6,1.50817E+12,3
dfd3e9ba,confidence,maxdiv,2000,400,400,400,2000,5,1.50817E+12,2
c1a3e969,confidence,max,400,2000,2000,400,2000,5,1.50817E+12,2
60a3e922,confidence,maxdiv,200,400,200,200,400,6,1.50817E+12,1
6bd3e974,confidence,maxdiv,200,2000,2000,200,2000,6,1.50817E+12,3
60a3e922,confidence,random,2000,200,2000,200,2000,5,1.50817E+12,3
60a3e922,confidence,random,200,400,400,200,400,6,1.50817E+12,1
dfd3e9ba,confidence,max,2000,200,2000,200,2000,4,1.50817E+12,3
4dd3e872,confidence,max,200,2000,200,200,2000,5,1.50817E+12,3
6bd3e974,confidence,max,200,400,400,200,400,2,1.50817E+12,1
c1a3e969,confidence,random,2000,400,400,400,2000,4,1.50817E+12,2
6dd3e960,confidence,maxdiv,400,2000,2000,400,2000,5,1.50817E+12,2
3db3e922,confidence,random,400,2000,2000,400,2000,6,1.50817E+12,2
60a3e922,confidence,max,2000,200,2000,200,2000,4,1.50817E+12,3
c5a3ea5b,confidence,maxdiv,400,200,400,200,400,5,1.50817E+12,1
60a3e922,confidence,max,2000,400,400,400,2000,6,1.50817E+12,2
4dd3e872,confidence,maxdiv,2000,200,2000,200,2000,7,1.50817E+12,3
dfd3e9ba,confidence,random,400,200,200,200,400,5,1.50817E+12,1
6bd3e974,confidence,maxdiv,200,400,400,200,400,6,1.50817E+12,1
c1a3e969,confidence,maxdiv,2000,400,2000,400,2000,6,1.50817E+12,2
dfd3e9ba,confidence,max,2000,400,2000,400,2000,6,1.50817E+12,2
6bd3e974,confidence,max,2000,400,400,400,2000,4,1.50817E+12,2
3db3e922,confidence,maxdiv,400,2000,2000,400,2000,4,1.50817E+12,2
6dd3e960,confidence,random,400,2000,400,400,2000,3,1.50817E+12,2
dfd3e9ba,confidence,max,400,200,200,200,400,4,1.50817E+12,1
6bd3e974,confidence,random,400,200,200,200,400,2,1.50817E+12,1
c1a3e969,confidence,random,2000,200,2000,200,2000,7,1.50817E+12,3
c5a3ea5b,confidence,random,400,2000,400,400,2000,5,1.50817E+12,2
4dd3e872,confidence,max,200,400,400,200,400,6,1.50817E+12,1
98b3eaef,confidence,max,200,400,400,200,400,5,1.50817E+12,1
dfd3e9ba,confidence,random,2000,400,400,400,2000,4,1.50817E+12,2
3db3e922,confidence,max,400,2000,2000,400,2000,6,1.50817E+12,2
6bd3e974,confidence,random,2000,200,200,200,2000,3,1.50817E+12,3
6dd3e960,confidence,max,200,400,200,200,400,3,1.50817E+12,1
c1a3e969,confidence,maxdiv,200,400,400,200,400,3,1.50817E+12,1
49f3ea04,confidence,maxdiv,400,2000,2000,400,2000,6,1.50817E+12,2
c5a3e9ad,confidence,max,200,400,400,200,400,1,1.50817E+12,1
4dd3e872,confidence,maxdiv,200,400,400,200,400,7,1.50817E+12,1
dfd3e9ba,confidence,random,200,2000,2000,200,2000,4,1.50817E+12,3
6dd3e960,confidence,maxdiv,200,400,400,200,400,5,1.50817E+12,1
c1a3e969,confidence,max,200,2000,2000,200,2000,7,1.50817E+12,3
6bd3e974,confidence,maxdiv,400,2000,2000,400,2000,2,1.50817E+12,2
36e3e9b0,confidence,maxdiv,2000,400,2000,400,2000,7,1.50817E+12,2
3db3e922,confidence,random,200,400,200,200,400,5,1.50817E+12,1
98b3eaef,confidence,maxdiv,200,2000,2000,200,2000,7,1.50817E+12,3
c5a3ea5b,confidence,random,200,2000,2000,200,2000,5,1.50817E+12,3
4dd3e872,confidence,random,2000,400,2000,400,2000,5,1.50817E+12,2
6dd3e960,confidence,max,400,2000,2000,400,2000,5,1.50817E+12,2
c5a3e9ad,confidence,random,200,400,400,200,400,6,1.50817E+12,1
c1a3e969,confidence,max,200,400,400,200,400,4,1.50817E+12,1
36e3e9b0,confidence,random,200,2000,2000,200,2000,7,1.50817E+12,3
4dd3e872,confidence,max,2000,400,2000,400,2000,6,1.50817E+12,2
98b3eaef,confidence,random,200,2000,200,200,2000,4,1.50817E+12,3
3db3e922,confidence,max,400,200,400,200,400,4,1.50818E+12,1
49f3ea04,confidence,max,2000,200,2000,200,2000,7,1.50818E+12,3
6dd3e960,confidence,maxdiv,200,2000,2000,200,2000,7,1.50818E+12,3
98b3eaef,confidence,maxdiv,200,400,400,200,400,5,1.50818E+12,1
4dd3e872,confidence,random,400,200,200,200,400,6,1.50818E+12,1
c5a3ea5b,confidence,max,400,200,400,200,400,5,1.50818E+12,1
36e3e9b0,confidence,random,2000,400,400,400,2000,5,1.50818E+12,2
3db3e922,confidence,max,2000,200,2000,200,2000,6,1.50818E+12,3
6dd3e960,confidence,random,200,2000,2000,200,2000,5,1.50818E+12,3
98b3eaef,confidence,random,400,200,400,200,400,4,1.50818E+12,1
c5a3e9ad,confidence,random,200,2000,2000,200,2000,6,1.50818E+12,3
36e3e9b0,confidence,maxdiv,200,400,400,200,400,6,1.50818E+12,1
49f3ea04,confidence,max,2000,400,2000,400,2000,7,1.50818E+12,2
36e3e9b0,confidence,random,200,400,400,200,400,6,1.50818E+12,1
6dd3e960,confidence,max,2000,200,2000,200,2000,5,1.50818E+12,3
98b3eaef,confidence,maxdiv,2000,400,400,400,2000,6,1.50818E+12,2
adf3ecbe,confidence,maxdiv,2000,400,2000,400,2000,5,1.50818E+12,2
36e3e9b0,confidence,max,2000,400,2000,400,2000,7,1.50818E+12,2
c5a3e9ad,confidence,random,2000,400,400,400,2000,1,1.50818E+12,2
98b3eaef,confidence,max,400,2000,400,400,2000,6,1.50818E+12,2
ccf3ec93,confidence,max,400,200,400,200,400,7,1.50818E+12,1
c5a3ea5b,confidence,maxdiv,2000,400,2000,400,2000,5,1.50818E+12,2
adf3ecbe,confidence,max,400,2000,2000,400,2000,6,1.50818E+12,2
36e3e9b0,confidence,maxdiv,200,2000,2000,200,2000,7,1.50818E+12,3
49f3ea04,confidence,max,200,400,400,200,400,5,1.50818E+12,1
98b3eaef,confidence,random,400,2000,400,400,2000,7,1.50818E+12,2
c5a3e9ad,confidence,max,200,2000,2000,200,2000,5,1.50818E+12,3
adf3ecbe,confidence,random,200,2000,200,200,2000,5,1.50818E+12,3
36e3e9b0,confidence,max,200,400,400,200,400,5,1.50818E+12,1
ccf3ec93,confidence,maxdiv,2000,400,400,400,2000,5,1.50818E+12,2
c5a3ea5b,confidence,random,400,200,200,200,400,5,1.50818E+12,1
98b3eaef,confidence,max,200,2000,200,200,2000,6,1.50818E+12,3
27c3eced,confidence,max,400,200,200,200,400,5,1.50818E+12,1
a4e3ed86,confidence,maxdiv,200,400,200,200,400,5,1.50818E+12,1
a4e3ed86,confidence,max,2000,400,2000,400,2000,6,1.50818E+12,2
8fd3ed6a,confidence,random,2000,400,400,400,2000,5,1.50818E+12,2
36e3e9b0,confidence,max,200,2000,2000,200,2000,7,1.50818E+12,3
a4e3ed86,confidence,maxdiv,400,2000,400,400,2000,6,1.50818E+12,2
adf3ecbe,confidence,random,400,2000,400,400,2000,7,1.50818E+12,2
a4e3ed86,confidence,max,400,200,400,200,400,4,1.50818E+12,1
49f3ea04,confidence,random,400,200,400,200,400,7,1.50818E+12,1
a4e3ed86,confidence,maxdiv,2000,200,2000,200,2000,6,1.50818E+12,3
c5a3e9ad,confidence,maxdiv,200,400,400,200,400,5,1.50818E+12,1
a4e3ed86,confidence,random,200,2000,200,200,2000,6,1.50818E+12,3
ccf3ec93,confidence,maxdiv,200,2000,200,200,2000,6,1.50818E+12,3
a4e3ed86,confidence,random,400,200,400,200,400,5,1.50818E+12,1
27c3eced,confidence,maxdiv,2000,400,2000,400,2000,6,1.50818E+12,2
a4e3ed86,confidence,max,200,2000,200,200,2000,5,1.50818E+12,3
a4e3ed86,confidence,random,400,2000,400,400,2000,6,1.50818E+12,2
adf3ecbe,confidence,max,2000,200,2000,200,2000,6,1.50818E+12,3
c5a3ea5b,confidence,max,2000,200,2000,200,2000,5,1.50818E+12,3
ccf3ec93,confidence,max,2000,400,2000,400,2000,6,1.50818E+12,2
8fd3ed6a,confidence,maxdiv,200,2000,2000,200,2000,5,1.50818E+12,3
adf3ecbe,confidence,maxdiv,400,200,400,200,400,7,1.50818E+12,1
84c3ee94,confidence,random,400,200,200,200,400,7,1.50818E+12,1
49f3ea04,confidence,maxdiv,2000,200,2000,200,2000,7,1.50818E+12,3
c5a3e9ad,confidence,maxdiv,2000,200,2000,200,2000,7,1.50818E+12,3
84c3ee94,confidence,max,2000,400,2000,400,2000,7,1.50818E+12,2
27c3eced,confidence,random,400,200,200,200,400,6,1.50818E+12,1
adf3ecbe,confidence,maxdiv,200,2000,2000,200,2000,7,1.50818E+12,3
8fd3ed6a,confidence,random,200,2000,200,200,2000,5,1.50818E+12,3
84c3ee94,confidence,random,200,2000,2000,200,2000,5,1.50818E+12,3
ccf3ec93,confidence,random,2000,400,2000,400,2000,6,1.50818E+12,2
49f3ea04,confidence,random,200,2000,200,200,2000,6,1.50818E+12,3
c5a3ea5b,confidence,max,2000,400,2000,400,2000,5,1.50818E+12,2
adf3ecbe,confidence,random,200,400,200,200,400,5,1.50818E+12,1
c5a3e9ad,confidence,maxdiv,400,2000,2000,400,2000,5,1.50818E+12,2
27c3eced,confidence,maxdiv,400,200,400,200,400,5,1.50818E+12,1
84c3ee94,confidence,max,2000,200,2000,200,2000,7,1.50818E+12,3
adf3ecbe,confidence,max,400,200,200,200,400,4,1.50818E+12,1
49f3ea04,confidence,random,2000,400,400,400,2000,6,1.50818E+12,2
8fd3ed6a,confidence,max,2000,400,2000,400,2000,5,1.50818E+12,2
ccf3ec93,confidence,max,200,2000,2000,200,2000,7,1.50818E+12,3
84c3ee94,confidence,max,200,400,400,200,400,7,1.50818E+12,1
27c3eced,confidence,random,400,2000,400,400,2000,5,1.50818E+12,2
84c3ee94,confidence,maxdiv,200,400,400,200,400,7,1.50818E+12,1
c5a3e9ad,confidence,max,400,2000,2000,400,2000,7,1.50818E+12,2
84c3ee94,confidence,maxdiv,2000,200,2000,200,2000,7,1.50818E+12,3
c5a3ea5b,confidence,maxdiv,2000,200,2000,200,2000,5,1.50818E+12,3
ccf3ec93,confidence,random,200,2000,200,200,2000,5,1.50818E+12,3
84c3ee94,confidence,random,400,2000,2000,400,2000,7,1.50818E+12,2
8fd3ed6a,confidence,max,2000,200,2000,200,2000,5,1.50818E+12,3
27c3eced,confidence,maxdiv,2000,200,2000,200,2000,7,1.50818E+12,3
49f3ea04,confidence,maxdiv,200,400,400,200,400,5,1.50818E+12,1
84c3ee94,confidence,maxdiv,400,2000,2000,400,2000,5,1.50818E+12,2
27c3eced,confidence,random,200,2000,200,200,2000,7,1.50818E+12,3
ccf3ec93,confidence,maxdiv,400,200,400,200,400,6,1.50818E+12,1
8fd3ed6a,confidence,max,400,200,400,200,400,5,1.50818E+12,1
ccf3ec93,confidence,random,200,400,200,200,400,7,1.50818E+12,1
27c3eced,confidence,max,200,2000,2000,200,2000,4,1.50818E+12,3
8fd3ed6a,confidence,maxdiv,200,400,400,200,400,5,1.50818E+12,1
8fd3ed6a,confidence,maxdiv,400,2000,400,400,2000,5,1.50818E+12,2
8fd3ed6a,confidence,random,400,200,400,200,400,5,1.50818E+12,1
27c3eced,confidence,max,400,2000,400,400,2000,6,1.50818E+12,2
81a3fb25,confidence,random,200,400,200,200,400,5,1.50818E+12,1
d7e3fcd1,confidence,random,400,200,400,200,400,4,1.50818E+12,1
81a3fb25,confidence,max,400,200,200,200,400,4,1.50818E+12,1
5df3fce6,confidence,random,400,200,400,200,400,4,1.50818E+12,1
d7e3fcd1,confidence,max,200,400,400,200,400,4,1.50818E+12,1
5df3fce6,confidence,max,2000,200,2000,200,2000,7,1.50818E+12,3
c1f3fce2,confidence,random,400,200,200,200,400,6,1.50818E+12,1
d7e3fcd1,confidence,max,400,2000,2000,400,2000,6,1.50818E+12,2
53d3fd00,confidence,max,2000,200,2000,200,2000,6,1.50818E+12,3
5df3fce6,confidence,maxdiv,200,2000,2000,200,2000,7,1.50818E+12,3
81a3fb25,confidence,random,2000,200,200,200,2000,5,1.50818E+12,3
d7e3fcd1,confidence,maxdiv,400,2000,2000,400,2000,6,1.50818E+12,2
8ba3fb7b,confidence,max,400,2000,400,400,2000,4,1.50818E+12,2
c1f3fce2,confidence,maxdiv,200,2000,2000,200,2000,7,1.50818E+12,3
53d3fd00,confidence,max,400,2000,2000,400,2000,5,1.50818E+12,2
5df3fce6,confidence,maxdiv,2000,400,2000,400,2000,6,1.50818E+12,2
5df3fce6,confidence,maxdiv,200,400,200,200,400,5,1.50818E+12,1
d7e3fcd1,confidence,maxdiv,200,2000,2000,200,2000,6,1.50818E+12,3
53d3fd00,confidence,max,400,200,200,200,400,3,1.50818E+12,1
c1f3fce2,confidence,maxdiv,2000,400,2000,400,2000,5,1.50818E+12,2
5df3fce6,confidence,random,2000,200,2000,200,2000,5,1.50818E+12,3
53d3fd00,confidence,maxdiv,2000,200,2000,200,2000,5,1.50818E+12,3
d7e3fcd1,confidence,max,2000,200,2000,200,2000,7,1.50818E+12,3
5df3fce6,confidence,max,200,400,400,200,400,5,1.50818E+12,1
c1f3fce2,confidence,random,2000,400,400,400,2000,4,1.50818E+12,2
d7e3fcd1,confidence,maxdiv,200,400,400,200,400,5,1.50818E+12,1
53d3fd00,confidence,random,200,2000,2000,200,2000,5,1.50818E+12,3
5df3fce6,confidence,random,400,2000,400,400,2000,5,1.50818E+12,2
d7e3fcd1,confidence,random,200,2000,2000,200,2000,6,1.50818E+12,3
81a3fb25,confidence,random,2000,400,400,400,2000,4,1.50818E+12,2
53d3fd00,confidence,maxdiv,400,200,400,200,400,4,1.50818E+12,1
5df3fce6,confidence,max,2000,400,2000,400,2000,6,1.50818E+12,2
8ba3fb7b,confidence,maxdiv,200,2000,2000,200,2000,5,1.50818E+12,3
d7e3fcd1,confidence,random,400,2000,2000,400,2000,6,1.50818E+12,2
c1f3fce2,confidence,max,400,200,400,200,400,5,1.50818E+12,1
53d3fd00,confidence,random,400,200,400,200,400,6,1.50818E+12,1
c1f3fce2,confidence,maxdiv,200,400,400,200,400,6,1.50818E+12,1
53d3fd00,confidence,random,400,2000,2000,400,2000,6,1.50818E+12,2
53d3fd00,confidence,maxdiv,400,2000,2000,400,2000,6,1.50818E+12,2
c1f3fce2,confidence,random,200,2000,200,200,2000,4,1.50818E+12,3
81a3fb25,confidence,max,200,2000,200,200,2000,4,1.50818E+12,3
27b3ff1c,confidence,maxdiv,400,2000,2000,400,2000,7,1.50818E+12,2
c1f3fce2,confidence,max,2000,400,2000,400,2000,5,1.50818E+12,2
27b3ff1c,confidence,maxdiv,200,2000,2000,200,2000,7,1.50818E+12,3
8ba3fb7b,confidence,random,400,2000,400,400,2000,4,1.50818E+12,2
27b3ff1c,confidence,max,200,2000,2000,200,2000,7,1.50818E+12,3
81a3fb25,confidence,maxdiv,200,2000,2000,200,2000,4,1.50818E+12,3
c1f3fce2,confidence,max,2000,200,2000,200,2000,6,1.50818E+12,3
27b3ff1c,confidence,maxdiv,200,400,400,200,400,7,1.50818E+12,1
27b3ff1c,confidence,random,2000,200,200,200,2000,7,1.50818E+12,3
27b3ff1c,confidence,max,400,200,400,200,400,7,1.50818E+12,1
81a3fb25,confidence,max,400,2000,2000,400,2000,4,1.50818E+12,2
27b3ff1c,confidence,random,2000,400,400,400,2000,7,1.50818E+12,2
82d3ff1d,confidence,max,400,2000,2000,400,2000,5,1.50818E+12,2
27b3ff1c,confidence,random,400,200,400,200,400,7,1.50818E+12,1
81a3fb25,confidence,maxdiv,2000,400,2000,400,2000,4,1.50818E+12,2
27b3ff1c,confidence,max,2000,400,2000,400,2000,7,1.50818E+12,2
82d3ff1d,confidence,maxdiv,400,200,400,200,400,5,1.50818E+12,1
8ba3fb7b,confidence,max,200,400,400,200,400,5,1.50818E+12,1
81a3fb25,confidence,maxdiv,400,200,400,200,400,5,1.50818E+12,1
b1c3fd1f,confidence,maxdiv,400,200,400,200,400,6,1.50818E+12,1
82d3ff1d,confidence,maxdiv,2000,200,2000,200,2000,5,1.50818E+12,3
82d3ff1d,confidence,maxdiv,400,2000,2000,400,2000,4,1.50818E+12,2
82d3ff1d,confidence,random,400,2000,400,400,2000,5,1.50818E+12,2
8ba3fb7b,confidence,max,200,2000,200,200,2000,5,1.50818E+12,3
b1c3fd1f,confidence,random,2000,200,200,200,2000,5,1.50818E+12,3
82d3ff1d,confidence,max,400,200,400,200,400,3,1.50818E+12,1
82d3ff1d,confidence,random,2000,200,200,200,2000,4,1.50818E+12,3
41b40082,confidence,max,2000,200,2000,200,2000,5,1.50818E+12,3
8ba3fb7b,confidence,random,200,400,200,200,400,6,1.50818E+12,1
82d3ff1d,confidence,max,200,2000,2000,200,2000,5,1.50818E+12,3
82d3ff1d,confidence,random,200,400,200,200,400,5,1.50818E+12,1
fab400c5,confidence,random,200,400,200,200,400,6,1.50818E+12,1
41b40082,confidence,random,200,400,200,200,400,4,1.50818E+12,1
31a4008b,confidence,random,200,400,200,200,400,7,1.50818E+12,1
25e400f5,confidence,random,400,2000,2000,400,2000,6,1.50818E+12,2
b1c3fd1f,confidence,random,200,400,200,200,400,6,1.50818E+12,1
fab400c5,confidence,max,400,200,200,200,400,6,1.50818E+12,1
8ba3fb7b,confidence,maxdiv,400,200,400,200,400,5,1.50818E+12,1
25e400f5,confidence,maxdiv,2000,400,2000,400,2000,5,1.50818E+12,2
41b40082,confidence,max,2000,400,400,400,2000,1,1.50818E+12,2
31a4008b,confidence,max,200,2000,2000,200,2000,7,1.50818E+12,3
b1c3fd1f,confidence,max,2000,200,2000,200,2000,6,1.50818E+12,3
fab400c5,confidence,maxdiv,2000,400,400,400,2000,5,1.50818E+12,2
25e400f5,confidence,maxdiv,200,400,400,200,400,7,1.50818E+12,1
31a4008b,confidence,random,200,2000,200,200,2000,7,1.50818E+12,3
41b40082,confidence,max,200,400,200,200,400,1,1.50818E+12,1
fab400c5,confidence,random,2000,200,200,200,2000,6,1.50818E+12,3
b1c3fd1f,confidence,max,200,400,400,200,400,5,1.50818E+12,1
31a4008b,confidence,maxdiv,2000,400,2000,400,2000,7,1.50818E+12,2
8ba3fb7b,confidence,maxdiv,400,2000,2000,400,2000,3,1.50818E+12,2
41b40082,confidence,maxdiv,200,400,400,200,400,5,1.50818E+12,1
31a4008b,confidence,maxdiv,400,200,400,200,400,7,1.50818E+12,1
25e400f5,confidence,random,2000,200,2000,200,2000,4,1.50818E+12,3
b1c3fd1f,confidence,maxdiv,2000,400,2000,400,2000,5,1.50818E+12,2
fab400c5,confidence,maxdiv,400,200,400,200,400,7,1.50818E+12,1
31a4008b,confidence,maxdiv,200,2000,2000,200,2000,7,1.50818E+12,3
25e400f5,confidence,max,400,2000,2000,400,2000,7,1.50818E+12,2
41b40082,confidence,random,200,2000,200,200,2000,5,1.50818E+12,3
b1c3fd1f,confidence,random,400,2000,2000,400,2000,5,1.50818E+12,2
fab400c5,confidence,max,2000,200,2000,200,2000,5,1.50818E+12,3
8ba3fb7b,confidence,random,2000,200,200,200,2000,5,1.50818E+12,3
31a4008b,confidence,random,400,2000,400,400,2000,6,1.50818E+12,2
b1c3fd1f,confidence,maxdiv,2000,200,2000,200,2000,6,1.50818E+12,3
fab400c5,confidence,random,400,2000,2000,400,2000,6,1.50818E+12,2
41b40082,confidence,maxdiv,200,2000,2000,200,2000,5,1.50818E+12,3
25e400f5,confidence,random,200,400,200,200,400,3,1.50818E+12,1
31a4008b,confidence,max,200,400,400,200,400,4,1.50818E+12,1
b1c3fd1f,confidence,max,2000,400,2000,400,2000,6,1.50818E+12,2
b2a40232,confidence,maxdiv,2000,200,2000,200,2000,7,1.50818E+12,3
41b40082,confidence,maxdiv,400,2000,2000,400,2000,4,1.50818E+12,2
fab400c5,confidence,max,2000,400,2000,400,2000,6,1.50818E+12,2
25e400f5,confidence,max,200,2000,2000,200,2000,5,1.50818E+12,3
31a4008b,confidence,max,2000,400,2000,400,2000,5,1.50818E+12,2
fab400c5,confidence,maxdiv,200,2000,2000,200,2000,7,1.50818E+12,3
25e400f5,confidence,max,200,400,200,200,400,4,1.50818E+12,1
41b40082,confidence,random,2000,400,400,400,2000,4,1.50818E+12,2
25e400f5,confidence,maxdiv,2000,200,2000,200,2000,7,1.50818E+12,3
b2a40232,confidence,max,2000,200,2000,200,2000,5,1.50818E+12,3
50a40474,confidence,maxdiv,2000,400,2000,400,2000,7,1.50818E+12,2
50a40474,confidence,maxdiv,200,2000,2000,200,2000,6,1.50818E+12,3
50a40474,confidence,maxdiv,200,400,400,200,400,5,1.50818E+12,1
50a40474,confidence,random,200,2000,2000,200,2000,5,1.50818E+12,3
cdd404e4,confidence,max,2000,400,2000,400,2000,2,1.50818E+12,2
b2a40232,confidence,maxdiv,400,2000,400,400,2000,3,1.50818E+12,2
50a40474,confidence,max,2000,400,2000,400,2000,5,1.50818E+12,2
cdd404e4,confidence,random,200,2000,200,200,2000,4,1.50818E+12,3
50a40474,confidence,max,200,400,200,200,400,4,1.50818E+12,1
cdd404e4,confidence,maxdiv,2000,400,400,400,2000,4,1.50818E+12,2
50a40474,confidence,random,400,2000,2000,400,2000,5,1.50818E+12,2
cdd404e4,confidence,random,400,200,200,200,400,4,1.50818E+12,1
b2a40232,confidence,random,400,200,200,200,400,4,1.50818E+12,1
50a40474,confidence,random,200,400,200,200,400,6,1.50818E+12,1
cdd404e4,confidence,maxdiv,400,200,200,200,400,2,1.50818E+12,1
50a40474,confidence,max,200,2000,2000,200,2000,6,1.50818E+12,3
cdd404e4,confidence,max,2000,200,200,200,2000,4,1.50818E+12,3
cdd404e4,confidence,max,400,200,400,200,400,2,1.50818E+12,1
cdd404e4,confidence,maxdiv,200,2000,200,200,2000,5,1.50818E+12,3
cdd404e4,confidence,random,400,2000,2000,400,2000,4,1.50818E+12,2
3de40617,confidence,maxdiv,400,2000,400,400,2000,6,1.50818E+12,2
3de40617,confidence,maxdiv,2000,200,2000,200,2000,7,1.50818E+12,3
3de40617,confidence,max,200,2000,2000,200,2000,5,1.50818E+12,3
2ee4067a,confidence,random,200,400,400,200,400,7,1.50818E+12,1
b2a40232,confidence,max,2000,400,2000,400,2000,3,1.50818E+12,2
32d4068d,confidence,maxdiv,200,400,400,200,400,6,1.50818E+12,1
3de40617,confidence,random,200,2000,2000,200,2000,6,1.50818E+12,3
b2a40232,confidence,maxdiv,200,400,400,200,400,4,1.50818E+12,1
3de40617,confidence,maxdiv,200,400,400,200,400,6,1.50818E+12,1
8ba40679,confidence,random,200,400,400,200,400,1,1.50818E+12,1
32d4068d,confidence,maxdiv,2000,400,400,400,2000,5,1.50818E+12,2
3de40617,confidence,random,400,2000,400,400,2000,4,1.50818E+12,2
b2a40232,confidence,max,400,200,200,200,400,3,1.50818E+12,1
2ee4067a,confidence,maxdiv,400,2000,2000,400,2000,5,1.50818E+12,2
8ba40679,confidence,max,2000,400,2000,400,2000,5,1.50818E+12,2
3de40617,confidence,max,400,200,200,200,400,1,1.50818E+12,1
32d4068d,confidence,max,2000,400,2000,400,2000,5,1.50818E+12,2
8ba40679,confidence,random,2000,400,2000,400,2000,7,1.50818E+12,2
2ee4067a,confidence,max,200,2000,2000,200,2000,6,1.50818E+12,3
3de40617,confidence,max,2000,400,400,400,2000,5,1.50818E+12,2
b2a40232,confidence,random,400,2000,2000,400,2000,3,1.50818E+12,2
8ba40679,confidence,random,2000,200,2000,200,2000,7,1.50818E+12,3
32d4068d,confidence,random,2000,400,2000,400,2000,4,1.50818E+12,2
3de40617,confidence,random,400,200,400,200,400,5,1.50818E+12,1
2ee4067a,confidence,maxdiv,200,400,400,200,400,6,1.50818E+12,1
8ba40679,confidence,maxdiv,200,400,400,200,400,5,1.50818E+12,1
32d4068d,confidence,max,400,200,400,200,400,4,1.50818E+12,1
2ee4067a,confidence,maxdiv,2000,200,2000,200,2000,6,1.50818E+12,3
b2a40232,confidence,random,200,2000,2000,200,2000,3,1.50818E+12,3
8ba40679,confidence,maxdiv,2000,400,2000,400,2000,6,1.50818E+12,2
2ee4067a,confidence,max,400,2000,2000,400,2000,5,1.50818E+12,2
32d4068d,confidence,max,200,2000,2000,200,2000,6,1.50818E+12,3
8ba40679,confidence,max,400,200,200,200,400,5,1.50818E+12,1
32d4068d,confidence,maxdiv,200,2000,2000,200,2000,6,1.50818E+12,3
2ee4067a,confidence,random,2000,400,2000,400,2000,4,1.50818E+12,2
8ba40679,confidence,maxdiv,2000,200,2000,200,2000,7,1.50818E+12,3
2ee4067a,confidence,random,200,2000,2000,200,2000,7,1.50818E+12,3
8ba40679,confidence,max,2000,200,2000,200,2000,7,1.50818E+12,3
32d4068d,confidence,random,200,400,200,200,400,4,1.50818E+12,1
32d4068d,confidence,random,200,2000,2000,200,2000,6,1.50818E+12,3
2ee4067a,confidence,max,200,400,400,200,400,5,1.50818E+12,1
e9af994f,confidence,random,400,2000,2000,400,2000,5,1.50894E+12,2
e9af994f,confidence,maxdiv,200,400,400,200,400,4,1.50894E+12,1
e9af994f,confidence,maxdiv,400,2000,2000,400,2000,6,1.50894E+12,2
e9af994f,confidence,max,400,2000,2000,400,2000,5,1.50894E+12,2
e9af994f,confidence,random,2000,200,2000,200,2000,5,1.50894E+12,3
e9af994f,confidence,random,400,200,200,200,400,3,1.50894E+12,1
e9af994f,confidence,max,400,200,400,200,400,2,1.50894E+12,1
e9af994f,confidence,maxdiv,2000,200,2000,200,2000,5,1.50894E+12,3
e9af994f,confidence,max,200,2000,2000,200,2000,5,1.50894E+12,3
48cf9b18,confidence,random,400,200,400,200,400,5,1.50894E+12,1
48cf9b18,confidence,maxdiv,2000,200,200,200,2000,6,1.50894E+12,3
20df9ba1,confidence,random,200,400,400,200,400,7,1.50894E+12,1
58cf9b86,confidence,maxdiv,400,200,400,200,400,4,1.50894E+12,1
20df9ba1,confidence,random,200,2000,2000,200,2000,7,1.50894E+12,3
48cf9b18,confidence,maxdiv,200,400,400,200,400,7,1.50894E+12,1
58cf9b86,confidence,max,400,2000,2000,400,2000,4,1.50894E+12,2
20df9ba1,confidence,max,200,2000,2000,200,2000,7,1.50894E+12,3
23ff9bbe,confidence,random,2000,200,200,200,2000,5,1.50894E+12,3
48cf9b18,confidence,random,200,2000,2000,200,2000,5,1.50894E+12,3
58cf9b86,confidence,random,2000,400,2000,400,2000,4,1.50894E+12,2
20df9ba1,confidence,maxdiv,200,2000,2000,200,2000,7,1.50894E+12,3
23ff9bbe,confidence,max,200,2000,2000,200,2000,6,1.50894E+12,3
48cf9b18,confidence,max,2000,200,2000,200,2000,5,1.50894E+12,3
3fef9c07,confidence,maxdiv,200,2000,2000,200,2000,6,1.50894E+12,3
58cf9b86,confidence,random,200,400,200,200,400,4,1.50894E+12,1
48cf9b18,confidence,max,400,200,400,200,400,4,1.50894E+12,1
23ff9bbe,confidence,random,200,400,200,200,400,5,1.50894E+12,1
58cf9b86,confidence,max,200,2000,2000,200,2000,4,1.50894E+12,3
9ccf9bfc,confidence,max,200,2000,200,200,2000,6,1.50894E+12,3
3fef9c07,confidence,maxdiv,200,400,400,200,400,5,1.50894E+12,1
20df9ba1,confidence,maxdiv,400,200,200,200,400,2,1.50894E+12,1
58cf9b86,confidence,max,200,400,400,200,400,4,1.50894E+12,1
23ff9bbe,confidence,max,200,400,400,200,400,7,1.50894E+12,1
48cf9b18,confidence,maxdiv,400,2000,2000,400,2000,6,1.50894E+12,2
3fef9c07,confidence,random,2000,200,200,200,2000,6,1.50894E+12,3
58cf9b86,confidence,maxdiv,2000,200,2000,200,2000,4,1.50894E+12,3
20df9ba1,confidence,random,400,2000,2000,400,2000,5,1.50894E+12,2
48cf9b18,confidence,max,400,2000,2000,400,2000,5,1.50894E+12,2
23ff9bbe,confidence,maxdiv,200,2000,2000,200,2000,7,1.50894E+12,3
58cf9b86,confidence,maxdiv,2000,400,2000,400,2000,4,1.50894E+12,2
9ccf9bfc,confidence,max,400,200,200,200,400,4,1.50894E+12,1
3fef9c07,confidence,maxdiv,2000,400,400,400,2000,5,1.50894E+12,2
20df9ba1,confidence,max,2000,400,2000,400,2000,7,1.50894E+12,2
23ff9bbe,confidence,maxdiv,400,200,400,200,400,,1.50894E+12,1
48cf9b18,confidence,random,400,2000,2000,400,2000,4,1.50894E+12,2
58cf9b86,confidence,random,200,2000,2000,200,2000,4,1.50894E+12,3
3fef9c07,confidence,random,200,400,200,200,400,5,1.50894E+12,1
9ccf9bfc,confidence,random,400,2000,2000,400,2000,6,1.50894E+12,2
23ff9bbe,confidence,random,2000,400,2000,400,2000,7,1.50894E+12,2
20df9ba1,confidence,max,200,400,200,200,400,1,1.50894E+12,1
3fef9c07,confidence,random,2000,400,2000,400,2000,5,1.50894E+12,2
20df9ba1,confidence,maxdiv,400,2000,2000,400,2000,7,1.50894E+12,2
3fef9c07,confidence,max,2000,400,2000,400,2000,5,1.50894E+12,2
23ff9bbe,confidence,max,2000,400,2000,400,2000,5,1.50894E+12,2
cbaf9d33,confidence,maxdiv,200,400,400,200,400,5,1.50894E+12,1
3fef9c07,confidence,max,2000,200,200,200,2000,5,1.50894E+12,3
9ccf9bfc,confidence,random,200,2000,200,200,2000,6,1.50894E+12,3
23ff9bbe,confidence,maxdiv,2000,400,2000,400,2000,7,1.50894E+12,2
3fef9c07,confidence,max,400,200,400,200,400,5,1.50894E+12,1
cbaf9d33,confidence,maxdiv,2000,200,200,200,2000,5,1.50894E+12,3
9ccf9bfc,confidence,random,400,200,200,200,400,6,1.50894E+12,1
9ccf9bfc,confidence,maxdiv,400,200,200,200,400,4,1.50894E+12,1
cbaf9d33,confidence,random,400,2000,400,400,2000,4,1.50894E+12,2
9ccf9bfc,confidence,maxdiv,2000,200,2000,200,2000,6,1.50894E+12,3
cbaf9d33,confidence,random,2000,200,200,200,2000,6,1.50894E+12,3
cbaf9d33,confidence,max,2000,400,400,400,2000,6,1.50894E+12,2
9ccf9bfc,confidence,maxdiv,2000,400,400,400,2000,4,1.50894E+12,2
9ccf9bfc,confidence,max,400,2000,2000,400,2000,6,1.50894E+12,2
cbaf9d33,confidence,max,400,200,200,200,400,5,1.50894E+12,1
cbaf9d33,confidence,maxdiv,2000,400,400,400,2000,5,1.50894E+12,2
cbaf9d33,confidence,random,400,200,400,200,400,4,1.50894E+12,1
cbaf9d33,confidence,max,200,2000,200,200,2000,5,1.50894E+12,3
66af9f72,confidence,max,200,2000,200,200,2000,6,1.50894E+12,3
66af9f72,confidence,maxdiv,2000,200,2000,200,2000,6,1.50894E+12,3
66af9f72,confidence,random,200,400,400,200,400,5,1.50894E+12,1
66af9f72,confidence,maxdiv,400,200,400,200,400,5,1.50894E+12,1
66af9f72,confidence,maxdiv,2000,400,2000,400,2000,4,1.50894E+12,2
66af9f72,confidence,random,2000,400,400,400,2000,4,1.50894E+12,2
66af9f72,confidence,max,400,200,200,200,400,6,1.50894E+12,1
66af9f72,confidence,random,200,2000,2000,200,2000,6,1.50894E+12,3
66af9f72,confidence,max,400,2000,400,400,2000,5,1.50894E+12,2
bacfa6e2,confidence,maxdiv,200,2000,2000,200,2000,6,1.50894E+12,3
bacfa6e2,confidence,random,400,2000,400,400,2000,5,1.50894E+12,2
bacfa6e2,confidence,max,200,400,200,200,400,5,1.50894E+12,1
bacfa6e2,confidence,max,400,2000,2000,400,2000,6,1.50894E+12,2
bacfa6e2,confidence,random,2000,200,2000,200,2000,5,1.50894E+12,3
bacfa6e2,confidence,maxdiv,400,200,400,200,400,4,1.50894E+12,1
bacfa6e2,confidence,maxdiv,2000,400,2000,400,2000,7,1.50894E+12,2
bacfa6e2,confidence,max,200,2000,2000,200,2000,4,1.50894E+12,3
bacfa6e2,confidence,random,200,400,400,200,400,5,1.50894E+12,1
