userid,key,summary,agent1,agent2,selected,value,time,correct,betterAgent,worseAgent,comparisonType
4dd3e872,correct,random,2000,200,2000,TRUE,1.50817E+12,1,2000,200,3
60a3e922,correct,maxdiv,400,2000,2000,TRUE,1.50817E+12,1,2000,400,2
3db3e922,correct,random,200,2000,2000,TRUE,1.50817E+12,1,2000,200,3
60a3e922,correct,max,200,400,400,TRUE,1.50817E+12,1,400,200,1
c1a3e969,correct,random,400,200,400,TRUE,1.50817E+12,1,400,200,1
6bd3e974,correct,max,2000,200,2000,TRUE,1.50817E+12,1,2000,200,3
dfd3e9ba,correct,maxdiv,200,400,400,TRUE,1.50817E+12,1,400,200,1
3db3e922,correct,maxdiv,400,200,400,TRUE,1.50817E+12,1,400,200,1
4dd3e872,correct,maxdiv,2000,400,400,FALSE,1.50817E+12,0,2000,400,2
c1a3e969,correct,maxdiv,200,2000,2000,TRUE,1.50817E+12,1,2000,200,3
dfd3e9ba,correct,maxdiv,200,2000,2000,TRUE,1.50817E+12,1,2000,200,3
6bd3e974,correct,random,400,2000,2000,TRUE,1.50817E+12,1,2000,400,2
60a3e922,correct,maxdiv,200,2000,200,FALSE,1.50817E+12,0,2000,200,3
60a3e922,correct,random,2000,400,400,FALSE,1.50817E+12,0,2000,400,2
6dd3e960,correct,random,200,400,400,TRUE,1.50817E+12,1,400,200,1
3db3e922,correct,maxdiv,2000,200,2000,TRUE,1.50817E+12,1,2000,200,3
dfd3e9ba,correct,maxdiv,2000,400,400,FALSE,1.50817E+12,0,2000,400,2
c1a3e969,correct,max,400,2000,2000,TRUE,1.50817E+12,1,2000,400,2
60a3e922,correct,maxdiv,200,400,200,FALSE,1.50817E+12,0,400,200,1
6bd3e974,correct,maxdiv,200,2000,2000,TRUE,1.50817E+12,1,2000,200,3
60a3e922,correct,random,2000,200,2000,TRUE,1.50817E+12,1,2000,200,3
60a3e922,correct,random,200,400,400,TRUE,1.50817E+12,1,400,200,1
dfd3e9ba,correct,max,2000,200,2000,TRUE,1.50817E+12,1,2000,200,3
4dd3e872,correct,max,200,2000,200,FALSE,1.50817E+12,0,2000,200,3
6bd3e974,correct,max,200,400,400,TRUE,1.50817E+12,1,400,200,1
c1a3e969,correct,random,2000,400,400,FALSE,1.50817E+12,0,2000,400,2
6dd3e960,correct,maxdiv,400,2000,2000,TRUE,1.50817E+12,1,2000,400,2
3db3e922,correct,random,400,2000,2000,TRUE,1.50817E+12,1,2000,400,2
60a3e922,correct,max,2000,200,2000,TRUE,1.50817E+12,1,2000,200,3
c5a3ea5b,correct,maxdiv,400,200,400,TRUE,1.50817E+12,1,400,200,1
60a3e922,correct,max,2000,400,400,FALSE,1.50817E+12,0,2000,400,2
4dd3e872,correct,maxdiv,2000,200,2000,TRUE,1.50817E+12,1,2000,200,3
dfd3e9ba,correct,random,400,200,200,FALSE,1.50817E+12,0,400,200,1
6bd3e974,correct,maxdiv,200,400,400,TRUE,1.50817E+12,1,400,200,1
c1a3e969,correct,maxdiv,2000,400,2000,TRUE,1.50817E+12,1,2000,400,2
dfd3e9ba,correct,max,2000,400,2000,TRUE,1.50817E+12,1,2000,400,2
6bd3e974,correct,max,2000,400,400,FALSE,1.50817E+12,0,2000,400,2
3db3e922,correct,maxdiv,400,2000,2000,TRUE,1.50817E+12,1,2000,400,2
6dd3e960,correct,random,400,2000,400,FALSE,1.50817E+12,0,2000,400,2
dfd3e9ba,correct,max,400,200,200,FALSE,1.50817E+12,0,400,200,1
6bd3e974,correct,random,400,200,200,FALSE,1.50817E+12,0,400,200,1
c1a3e969,correct,random,2000,200,2000,TRUE,1.50817E+12,1,2000,200,3
c5a3ea5b,correct,random,400,2000,400,FALSE,1.50817E+12,0,2000,400,2
4dd3e872,correct,max,200,400,400,TRUE,1.50817E+12,1,400,200,1
98b3eaef,correct,max,200,400,400,TRUE,1.50817E+12,1,400,200,1
dfd3e9ba,correct,random,2000,400,400,FALSE,1.50817E+12,0,2000,400,2
3db3e922,correct,max,400,2000,2000,TRUE,1.50817E+12,1,2000,400,2
6bd3e974,correct,random,2000,200,200,FALSE,1.50817E+12,0,2000,200,3
6dd3e960,correct,max,200,400,200,FALSE,1.50817E+12,0,400,200,1
c1a3e969,correct,maxdiv,200,400,400,TRUE,1.50817E+12,1,400,200,1
49f3ea04,correct,maxdiv,400,2000,2000,TRUE,1.50817E+12,1,2000,400,2
c5a3e9ad,correct,max,200,400,400,TRUE,1.50817E+12,1,400,200,1
4dd3e872,correct,maxdiv,200,400,400,TRUE,1.50817E+12,1,400,200,1
dfd3e9ba,correct,random,200,2000,2000,TRUE,1.50817E+12,1,2000,200,3
6dd3e960,correct,maxdiv,200,400,400,TRUE,1.50817E+12,1,400,200,1
c1a3e969,correct,max,200,2000,2000,TRUE,1.50817E+12,1,2000,200,3
6bd3e974,correct,maxdiv,400,2000,2000,TRUE,1.50817E+12,1,2000,400,2
36e3e9b0,correct,maxdiv,2000,400,2000,TRUE,1.50817E+12,1,2000,400,2
3db3e922,correct,random,200,400,200,FALSE,1.50817E+12,0,400,200,1
98b3eaef,correct,maxdiv,200,2000,2000,TRUE,1.50817E+12,1,2000,200,3
c5a3ea5b,correct,random,200,2000,2000,TRUE,1.50817E+12,1,2000,200,3
4dd3e872,correct,random,2000,400,2000,TRUE,1.50817E+12,1,2000,400,2
6dd3e960,correct,max,400,2000,2000,TRUE,1.50817E+12,1,2000,400,2
c5a3e9ad,correct,random,200,400,400,TRUE,1.50817E+12,1,400,200,1
c1a3e969,correct,max,200,400,400,TRUE,1.50817E+12,1,400,200,1
36e3e9b0,correct,random,200,2000,2000,TRUE,1.50817E+12,1,2000,200,3
4dd3e872,correct,max,2000,400,2000,TRUE,1.50817E+12,1,2000,400,2
98b3eaef,correct,random,200,2000,200,FALSE,1.50817E+12,0,2000,200,3
3db3e922,correct,max,400,200,400,TRUE,1.50818E+12,1,400,200,1
49f3ea04,correct,max,2000,200,2000,TRUE,1.50818E+12,1,2000,200,3
6dd3e960,correct,maxdiv,200,2000,2000,TRUE,1.50818E+12,1,2000,200,3
98b3eaef,correct,maxdiv,200,400,400,TRUE,1.50818E+12,1,400,200,1
4dd3e872,correct,random,400,200,200,FALSE,1.50818E+12,0,400,200,1
c5a3ea5b,correct,max,400,200,400,TRUE,1.50818E+12,1,400,200,1
3db3e922,correct,max,2000,200,2000,TRUE,1.50818E+12,1,2000,200,3
36e3e9b0,correct,random,2000,400,400,FALSE,1.50818E+12,0,2000,400,2
6dd3e960,correct,random,200,2000,2000,TRUE,1.50818E+12,1,2000,200,3
98b3eaef,correct,random,400,200,400,TRUE,1.50818E+12,1,400,200,1
c5a3e9ad,correct,random,200,2000,2000,TRUE,1.50818E+12,1,2000,200,3
36e3e9b0,correct,maxdiv,200,400,400,TRUE,1.50818E+12,1,400,200,1
49f3ea04,correct,max,2000,400,2000,TRUE,1.50818E+12,1,2000,400,2
36e3e9b0,correct,random,200,400,400,TRUE,1.50818E+12,1,400,200,1
6dd3e960,correct,max,2000,200,2000,TRUE,1.50818E+12,1,2000,200,3
98b3eaef,correct,maxdiv,2000,400,400,FALSE,1.50818E+12,0,2000,400,2
adf3ecbe,correct,maxdiv,2000,400,2000,TRUE,1.50818E+12,1,2000,400,2
36e3e9b0,correct,max,2000,400,2000,TRUE,1.50818E+12,1,2000,400,2
c5a3e9ad,correct,random,2000,400,400,FALSE,1.50818E+12,0,2000,400,2
98b3eaef,correct,max,400,2000,400,FALSE,1.50818E+12,0,2000,400,2
ccf3ec93,correct,max,400,200,400,TRUE,1.50818E+12,1,400,200,1
c5a3ea5b,correct,maxdiv,2000,400,2000,TRUE,1.50818E+12,1,2000,400,2
adf3ecbe,correct,max,400,2000,2000,TRUE,1.50818E+12,1,2000,400,2
36e3e9b0,correct,maxdiv,200,2000,2000,TRUE,1.50818E+12,1,2000,200,3
49f3ea04,correct,max,200,400,400,TRUE,1.50818E+12,1,400,200,1
98b3eaef,correct,random,400,2000,400,FALSE,1.50818E+12,0,2000,400,2
c5a3e9ad,correct,max,200,2000,2000,TRUE,1.50818E+12,1,2000,200,3
adf3ecbe,correct,random,200,2000,200,FALSE,1.50818E+12,0,2000,200,3
36e3e9b0,correct,max,200,400,400,TRUE,1.50818E+12,1,400,200,1
ccf3ec93,correct,maxdiv,2000,400,400,FALSE,1.50818E+12,0,2000,400,2
c5a3ea5b,correct,random,400,200,200,FALSE,1.50818E+12,0,400,200,1
98b3eaef,correct,max,200,2000,200,FALSE,1.50818E+12,0,2000,200,3
27c3eced,correct,max,400,200,200,FALSE,1.50818E+12,0,400,200,1
a4e3ed86,correct,maxdiv,200,400,200,FALSE,1.50818E+12,0,400,200,1
a4e3ed86,correct,max,2000,400,2000,TRUE,1.50818E+12,1,2000,400,2
8fd3ed6a,correct,random,2000,400,400,FALSE,1.50818E+12,0,2000,400,2
36e3e9b0,correct,max,200,2000,2000,TRUE,1.50818E+12,1,2000,200,3
a4e3ed86,correct,maxdiv,400,2000,400,FALSE,1.50818E+12,0,2000,400,2
adf3ecbe,correct,random,400,2000,400,FALSE,1.50818E+12,0,2000,400,2
a4e3ed86,correct,max,400,200,400,TRUE,1.50818E+12,1,400,200,1
49f3ea04,correct,random,400,200,400,TRUE,1.50818E+12,1,400,200,1
a4e3ed86,correct,maxdiv,2000,200,2000,TRUE,1.50818E+12,1,2000,200,3
c5a3e9ad,correct,maxdiv,200,400,400,TRUE,1.50818E+12,1,400,200,1
a4e3ed86,correct,random,200,2000,200,FALSE,1.50818E+12,0,2000,200,3
ccf3ec93,correct,maxdiv,200,2000,200,FALSE,1.50818E+12,0,2000,200,3
a4e3ed86,correct,random,400,200,400,TRUE,1.50818E+12,1,400,200,1
27c3eced,correct,maxdiv,2000,400,2000,TRUE,1.50818E+12,1,2000,400,2
a4e3ed86,correct,max,200,2000,200,FALSE,1.50818E+12,0,2000,200,3
a4e3ed86,correct,random,400,2000,400,FALSE,1.50818E+12,0,2000,400,2
adf3ecbe,correct,max,2000,200,2000,TRUE,1.50818E+12,1,2000,200,3
c5a3ea5b,correct,max,2000,200,2000,TRUE,1.50818E+12,1,2000,200,3
ccf3ec93,correct,max,2000,400,2000,TRUE,1.50818E+12,1,2000,400,2
8fd3ed6a,correct,maxdiv,200,2000,2000,TRUE,1.50818E+12,1,2000,200,3
adf3ecbe,correct,maxdiv,400,200,400,TRUE,1.50818E+12,1,400,200,1
84c3ee94,correct,random,400,200,200,FALSE,1.50818E+12,0,400,200,1
49f3ea04,correct,maxdiv,2000,200,2000,TRUE,1.50818E+12,1,2000,200,3
c5a3e9ad,correct,maxdiv,2000,200,2000,TRUE,1.50818E+12,1,2000,200,3
84c3ee94,correct,max,2000,400,2000,TRUE,1.50818E+12,1,2000,400,2
27c3eced,correct,random,400,200,200,FALSE,1.50818E+12,0,400,200,1
adf3ecbe,correct,maxdiv,200,2000,2000,TRUE,1.50818E+12,1,2000,200,3
8fd3ed6a,correct,random,200,2000,200,FALSE,1.50818E+12,0,2000,200,3
84c3ee94,correct,random,200,2000,2000,TRUE,1.50818E+12,1,2000,200,3
ccf3ec93,correct,random,2000,400,2000,TRUE,1.50818E+12,1,2000,400,2
49f3ea04,correct,random,200,2000,200,FALSE,1.50818E+12,0,2000,200,3
c5a3ea5b,correct,max,2000,400,2000,TRUE,1.50818E+12,1,2000,400,2
adf3ecbe,correct,random,200,400,200,FALSE,1.50818E+12,0,400,200,1
c5a3e9ad,correct,maxdiv,400,2000,2000,TRUE,1.50818E+12,1,2000,400,2
27c3eced,correct,maxdiv,400,200,400,TRUE,1.50818E+12,1,400,200,1
84c3ee94,correct,max,2000,200,2000,TRUE,1.50818E+12,1,2000,200,3
adf3ecbe,correct,max,400,200,200,FALSE,1.50818E+12,0,400,200,1
49f3ea04,correct,random,2000,400,400,FALSE,1.50818E+12,0,2000,400,2
8fd3ed6a,correct,max,2000,400,2000,TRUE,1.50818E+12,1,2000,400,2
ccf3ec93,correct,max,200,2000,2000,TRUE,1.50818E+12,1,2000,200,3
84c3ee94,correct,max,200,400,400,TRUE,1.50818E+12,1,400,200,1
27c3eced,correct,random,400,2000,400,FALSE,1.50818E+12,0,2000,400,2
84c3ee94,correct,maxdiv,200,400,400,TRUE,1.50818E+12,1,400,200,1
c5a3e9ad,correct,max,400,2000,2000,TRUE,1.50818E+12,1,2000,400,2
84c3ee94,correct,maxdiv,2000,200,2000,TRUE,1.50818E+12,1,2000,200,3
c5a3ea5b,correct,maxdiv,2000,200,2000,TRUE,1.50818E+12,1,2000,200,3
ccf3ec93,correct,random,200,2000,200,FALSE,1.50818E+12,0,2000,200,3
84c3ee94,correct,random,400,2000,2000,TRUE,1.50818E+12,1,2000,400,2
8fd3ed6a,correct,max,2000,200,2000,TRUE,1.50818E+12,1,2000,200,3
27c3eced,correct,maxdiv,2000,200,2000,TRUE,1.50818E+12,1,2000,200,3
49f3ea04,correct,maxdiv,200,400,400,TRUE,1.50818E+12,1,400,200,1
84c3ee94,correct,maxdiv,400,2000,2000,TRUE,1.50818E+12,1,2000,400,2
27c3eced,correct,random,200,2000,200,FALSE,1.50818E+12,0,2000,200,3
ccf3ec93,correct,maxdiv,400,200,400,TRUE,1.50818E+12,1,400,200,1
8fd3ed6a,correct,max,400,200,400,TRUE,1.50818E+12,1,400,200,1
ccf3ec93,correct,random,200,400,200,FALSE,1.50818E+12,0,400,200,1
27c3eced,correct,max,200,2000,2000,TRUE,1.50818E+12,1,2000,200,3
8fd3ed6a,correct,maxdiv,200,400,400,TRUE,1.50818E+12,1,400,200,1
8fd3ed6a,correct,maxdiv,400,2000,400,FALSE,1.50818E+12,0,2000,400,2
8fd3ed6a,correct,random,400,200,400,TRUE,1.50818E+12,1,400,200,1
27c3eced,correct,max,400,2000,400,FALSE,1.50818E+12,0,2000,400,2
81a3fb25,correct,random,200,400,200,FALSE,1.50818E+12,0,400,200,1
d7e3fcd1,correct,random,400,200,400,TRUE,1.50818E+12,1,400,200,1
81a3fb25,correct,max,400,200,200,FALSE,1.50818E+12,0,400,200,1
5df3fce6,correct,random,400,200,400,TRUE,1.50818E+12,1,400,200,1
d7e3fcd1,correct,max,200,400,400,TRUE,1.50818E+12,1,400,200,1
5df3fce6,correct,max,2000,200,2000,TRUE,1.50818E+12,1,2000,200,3
c1f3fce2,correct,random,400,200,200,FALSE,1.50818E+12,0,400,200,1
d7e3fcd1,correct,max,400,2000,2000,TRUE,1.50818E+12,1,2000,400,2
53d3fd00,correct,max,2000,200,2000,TRUE,1.50818E+12,1,2000,200,3
5df3fce6,correct,maxdiv,200,2000,2000,TRUE,1.50818E+12,1,2000,200,3
81a3fb25,correct,random,2000,200,200,FALSE,1.50818E+12,0,2000,200,3
d7e3fcd1,correct,maxdiv,400,2000,2000,TRUE,1.50818E+12,1,2000,400,2
8ba3fb7b,correct,max,400,2000,400,FALSE,1.50818E+12,0,2000,400,2
c1f3fce2,correct,maxdiv,200,2000,2000,TRUE,1.50818E+12,1,2000,200,3
53d3fd00,correct,max,400,2000,2000,TRUE,1.50818E+12,1,2000,400,2
5df3fce6,correct,maxdiv,2000,400,2000,TRUE,1.50818E+12,1,2000,400,2
5df3fce6,correct,maxdiv,200,400,200,FALSE,1.50818E+12,0,400,200,1
d7e3fcd1,correct,maxdiv,200,2000,2000,TRUE,1.50818E+12,1,2000,200,3
53d3fd00,correct,max,400,200,200,FALSE,1.50818E+12,0,400,200,1
c1f3fce2,correct,maxdiv,2000,400,2000,TRUE,1.50818E+12,1,2000,400,2
5df3fce6,correct,random,2000,200,2000,TRUE,1.50818E+12,1,2000,200,3
53d3fd00,correct,maxdiv,2000,200,2000,TRUE,1.50818E+12,1,2000,200,3
d7e3fcd1,correct,max,2000,200,2000,TRUE,1.50818E+12,1,2000,200,3
5df3fce6,correct,max,200,400,400,TRUE,1.50818E+12,1,400,200,1
c1f3fce2,correct,random,2000,400,400,FALSE,1.50818E+12,0,2000,400,2
d7e3fcd1,correct,maxdiv,200,400,400,TRUE,1.50818E+12,1,400,200,1
53d3fd00,correct,random,200,2000,2000,TRUE,1.50818E+12,1,2000,200,3
5df3fce6,correct,random,400,2000,400,FALSE,1.50818E+12,0,2000,400,2
d7e3fcd1,correct,random,200,2000,2000,TRUE,1.50818E+12,1,2000,200,3
81a3fb25,correct,random,2000,400,400,FALSE,1.50818E+12,0,2000,400,2
53d3fd00,correct,maxdiv,400,200,400,TRUE,1.50818E+12,1,400,200,1
5df3fce6,correct,max,2000,400,2000,TRUE,1.50818E+12,1,2000,400,2
8ba3fb7b,correct,maxdiv,200,2000,2000,TRUE,1.50818E+12,1,2000,200,3
d7e3fcd1,correct,random,400,2000,2000,TRUE,1.50818E+12,1,2000,400,2
c1f3fce2,correct,max,400,200,400,TRUE,1.50818E+12,1,400,200,1
53d3fd00,correct,random,400,200,400,TRUE,1.50818E+12,1,400,200,1
c1f3fce2,correct,maxdiv,200,400,400,TRUE,1.50818E+12,1,400,200,1
53d3fd00,correct,random,400,2000,2000,TRUE,1.50818E+12,1,2000,400,2
53d3fd00,correct,maxdiv,400,2000,2000,TRUE,1.50818E+12,1,2000,400,2
c1f3fce2,correct,random,200,2000,200,FALSE,1.50818E+12,0,2000,200,3
81a3fb25,correct,max,200,2000,200,FALSE,1.50818E+12,0,2000,200,3
27b3ff1c,correct,maxdiv,400,2000,2000,TRUE,1.50818E+12,1,2000,400,2
c1f3fce2,correct,max,2000,400,2000,TRUE,1.50818E+12,1,2000,400,2
27b3ff1c,correct,maxdiv,200,2000,2000,TRUE,1.50818E+12,1,2000,200,3
8ba3fb7b,correct,random,400,2000,400,FALSE,1.50818E+12,0,2000,400,2
27b3ff1c,correct,max,200,2000,2000,TRUE,1.50818E+12,1,2000,200,3
81a3fb25,correct,maxdiv,200,2000,2000,TRUE,1.50818E+12,1,2000,200,3
c1f3fce2,correct,max,2000,200,2000,TRUE,1.50818E+12,1,2000,200,3
27b3ff1c,correct,maxdiv,200,400,400,TRUE,1.50818E+12,1,400,200,1
27b3ff1c,correct,random,2000,200,200,FALSE,1.50818E+12,0,2000,200,3
27b3ff1c,correct,max,400,200,400,TRUE,1.50818E+12,1,400,200,1
81a3fb25,correct,max,400,2000,2000,TRUE,1.50818E+12,1,2000,400,2
27b3ff1c,correct,random,2000,400,400,FALSE,1.50818E+12,0,2000,400,2
82d3ff1d,correct,max,400,2000,2000,TRUE,1.50818E+12,1,2000,400,2
27b3ff1c,correct,random,400,200,400,TRUE,1.50818E+12,1,400,200,1
81a3fb25,correct,maxdiv,2000,400,2000,TRUE,1.50818E+12,1,2000,400,2
27b3ff1c,correct,max,2000,400,2000,TRUE,1.50818E+12,1,2000,400,2
82d3ff1d,correct,maxdiv,400,200,400,TRUE,1.50818E+12,1,400,200,1
8ba3fb7b,correct,max,200,400,400,TRUE,1.50818E+12,1,400,200,1
81a3fb25,correct,maxdiv,400,200,400,TRUE,1.50818E+12,1,400,200,1
b1c3fd1f,correct,maxdiv,400,200,400,TRUE,1.50818E+12,1,400,200,1
82d3ff1d,correct,maxdiv,2000,200,2000,TRUE,1.50818E+12,1,2000,200,3
82d3ff1d,correct,maxdiv,400,2000,2000,TRUE,1.50818E+12,1,2000,400,2
82d3ff1d,correct,random,400,2000,400,FALSE,1.50818E+12,0,2000,400,2
8ba3fb7b,correct,max,200,2000,200,FALSE,1.50818E+12,0,2000,200,3
b1c3fd1f,correct,random,2000,200,200,FALSE,1.50818E+12,0,2000,200,3
82d3ff1d,correct,max,400,200,400,TRUE,1.50818E+12,1,400,200,1
82d3ff1d,correct,random,2000,200,200,FALSE,1.50818E+12,0,2000,200,3
41b40082,correct,max,2000,200,2000,TRUE,1.50818E+12,1,2000,200,3
8ba3fb7b,correct,random,200,400,200,FALSE,1.50818E+12,0,400,200,1
82d3ff1d,correct,max,200,2000,2000,TRUE,1.50818E+12,1,2000,200,3
82d3ff1d,correct,random,200,400,200,FALSE,1.50818E+12,0,400,200,1
fab400c5,correct,random,200,400,200,FALSE,1.50818E+12,0,400,200,1
41b40082,correct,random,200,400,200,FALSE,1.50818E+12,0,400,200,1
31a4008b,correct,random,200,400,200,FALSE,1.50818E+12,0,400,200,1
25e400f5,correct,random,400,2000,2000,TRUE,1.50818E+12,1,2000,400,2
b1c3fd1f,correct,random,200,400,200,FALSE,1.50818E+12,0,400,200,1
fab400c5,correct,max,400,200,200,FALSE,1.50818E+12,0,400,200,1
8ba3fb7b,correct,maxdiv,400,200,400,TRUE,1.50818E+12,1,400,200,1
25e400f5,correct,maxdiv,2000,400,2000,TRUE,1.50818E+12,1,2000,400,2
41b40082,correct,max,2000,400,400,FALSE,1.50818E+12,0,2000,400,2
31a4008b,correct,max,200,2000,2000,TRUE,1.50818E+12,1,2000,200,3
b1c3fd1f,correct,max,2000,200,2000,TRUE,1.50818E+12,1,2000,200,3
fab400c5,correct,maxdiv,2000,400,400,FALSE,1.50818E+12,0,2000,400,2
25e400f5,correct,maxdiv,200,400,400,TRUE,1.50818E+12,1,400,200,1
31a4008b,correct,random,200,2000,200,FALSE,1.50818E+12,0,2000,200,3
41b40082,correct,max,200,400,200,FALSE,1.50818E+12,0,400,200,1
fab400c5,correct,random,2000,200,200,FALSE,1.50818E+12,0,2000,200,3
b1c3fd1f,correct,max,200,400,400,TRUE,1.50818E+12,1,400,200,1
31a4008b,correct,maxdiv,2000,400,2000,TRUE,1.50818E+12,1,2000,400,2
8ba3fb7b,correct,maxdiv,400,2000,2000,TRUE,1.50818E+12,1,2000,400,2
41b40082,correct,maxdiv,200,400,400,TRUE,1.50818E+12,1,400,200,1
31a4008b,correct,maxdiv,400,200,400,TRUE,1.50818E+12,1,400,200,1
25e400f5,correct,random,2000,200,2000,TRUE,1.50818E+12,1,2000,200,3
b1c3fd1f,correct,maxdiv,2000,400,2000,TRUE,1.50818E+12,1,2000,400,2
fab400c5,correct,maxdiv,400,200,400,TRUE,1.50818E+12,1,400,200,1
31a4008b,correct,maxdiv,200,2000,2000,TRUE,1.50818E+12,1,2000,200,3
25e400f5,correct,max,400,2000,2000,TRUE,1.50818E+12,1,2000,400,2
41b40082,correct,random,200,2000,200,FALSE,1.50818E+12,0,2000,200,3
b1c3fd1f,correct,random,400,2000,2000,TRUE,1.50818E+12,1,2000,400,2
fab400c5,correct,max,2000,200,2000,TRUE,1.50818E+12,1,2000,200,3
8ba3fb7b,correct,random,2000,200,200,FALSE,1.50818E+12,0,2000,200,3
31a4008b,correct,random,400,2000,400,FALSE,1.50818E+12,0,2000,400,2
b1c3fd1f,correct,maxdiv,2000,200,2000,TRUE,1.50818E+12,1,2000,200,3
fab400c5,correct,random,400,2000,2000,TRUE,1.50818E+12,1,2000,400,2
41b40082,correct,maxdiv,200,2000,2000,TRUE,1.50818E+12,1,2000,200,3
25e400f5,correct,random,200,400,200,FALSE,1.50818E+12,0,400,200,1
31a4008b,correct,max,200,400,400,TRUE,1.50818E+12,1,400,200,1
b1c3fd1f,correct,max,2000,400,2000,TRUE,1.50818E+12,1,2000,400,2
b2a40232,correct,maxdiv,2000,200,2000,TRUE,1.50818E+12,1,2000,200,3
41b40082,correct,maxdiv,400,2000,2000,TRUE,1.50818E+12,1,2000,400,2
fab400c5,correct,max,2000,400,2000,TRUE,1.50818E+12,1,2000,400,2
25e400f5,correct,max,200,2000,2000,TRUE,1.50818E+12,1,2000,200,3
31a4008b,correct,max,2000,400,2000,TRUE,1.50818E+12,1,2000,400,2
fab400c5,correct,maxdiv,200,2000,2000,TRUE,1.50818E+12,1,2000,200,3
25e400f5,correct,max,200,400,200,FALSE,1.50818E+12,0,400,200,1
41b40082,correct,random,2000,400,400,FALSE,1.50818E+12,0,2000,400,2
25e400f5,correct,maxdiv,2000,200,2000,TRUE,1.50818E+12,1,2000,200,3
b2a40232,correct,max,2000,200,2000,TRUE,1.50818E+12,1,2000,200,3
50a40474,correct,maxdiv,2000,400,2000,TRUE,1.50818E+12,1,2000,400,2
50a40474,correct,maxdiv,200,2000,2000,TRUE,1.50818E+12,1,2000,200,3
50a40474,correct,maxdiv,200,400,400,TRUE,1.50818E+12,1,400,200,1
50a40474,correct,random,200,2000,2000,TRUE,1.50818E+12,1,2000,200,3
cdd404e4,correct,max,2000,400,2000,TRUE,1.50818E+12,1,2000,400,2
b2a40232,correct,maxdiv,400,2000,400,FALSE,1.50818E+12,0,2000,400,2
50a40474,correct,max,2000,400,2000,TRUE,1.50818E+12,1,2000,400,2
cdd404e4,correct,random,200,2000,200,FALSE,1.50818E+12,0,2000,200,3
50a40474,correct,max,200,400,200,FALSE,1.50818E+12,0,400,200,1
cdd404e4,correct,maxdiv,2000,400,400,FALSE,1.50818E+12,0,2000,400,2
50a40474,correct,random,400,2000,2000,TRUE,1.50818E+12,1,2000,400,2
cdd404e4,correct,random,400,200,200,FALSE,1.50818E+12,0,400,200,1
b2a40232,correct,random,400,200,200,FALSE,1.50818E+12,0,400,200,1
50a40474,correct,random,200,400,200,FALSE,1.50818E+12,0,400,200,1
cdd404e4,correct,maxdiv,400,200,200,FALSE,1.50818E+12,0,400,200,1
50a40474,correct,max,200,2000,2000,TRUE,1.50818E+12,1,2000,200,3
cdd404e4,correct,max,2000,200,200,FALSE,1.50818E+12,0,2000,200,3
cdd404e4,correct,max,400,200,400,TRUE,1.50818E+12,1,400,200,1
cdd404e4,correct,maxdiv,200,2000,200,FALSE,1.50818E+12,0,2000,200,3
cdd404e4,correct,random,400,2000,2000,TRUE,1.50818E+12,1,2000,400,2
3de40617,correct,maxdiv,400,2000,400,FALSE,1.50818E+12,0,2000,400,2
3de40617,correct,maxdiv,2000,200,2000,TRUE,1.50818E+12,1,2000,200,3
3de40617,correct,max,200,2000,2000,TRUE,1.50818E+12,1,2000,200,3
2ee4067a,correct,random,200,400,400,TRUE,1.50818E+12,1,400,200,1
b2a40232,correct,max,2000,400,2000,TRUE,1.50818E+12,1,2000,400,2
32d4068d,correct,maxdiv,200,400,400,TRUE,1.50818E+12,1,400,200,1
3de40617,correct,random,200,2000,2000,TRUE,1.50818E+12,1,2000,200,3
b2a40232,correct,maxdiv,200,400,400,TRUE,1.50818E+12,1,400,200,1
3de40617,correct,maxdiv,200,400,400,TRUE,1.50818E+12,1,400,200,1
8ba40679,correct,random,200,400,400,TRUE,1.50818E+12,1,400,200,1
32d4068d,correct,maxdiv,2000,400,400,FALSE,1.50818E+12,0,2000,400,2
3de40617,correct,random,400,2000,400,FALSE,1.50818E+12,0,2000,400,2
b2a40232,correct,max,400,200,200,FALSE,1.50818E+12,0,400,200,1
2ee4067a,correct,maxdiv,400,2000,2000,TRUE,1.50818E+12,1,2000,400,2
8ba40679,correct,max,2000,400,2000,TRUE,1.50818E+12,1,2000,400,2
3de40617,correct,max,400,200,200,FALSE,1.50818E+12,0,400,200,1
32d4068d,correct,max,2000,400,2000,TRUE,1.50818E+12,1,2000,400,2
8ba40679,correct,random,2000,400,2000,TRUE,1.50818E+12,1,2000,400,2
2ee4067a,correct,max,200,2000,2000,TRUE,1.50818E+12,1,2000,200,3
3de40617,correct,max,2000,400,400,FALSE,1.50818E+12,0,2000,400,2
b2a40232,correct,random,400,2000,2000,TRUE,1.50818E+12,1,2000,400,2
8ba40679,correct,random,2000,200,2000,TRUE,1.50818E+12,1,2000,200,3
32d4068d,correct,random,2000,400,2000,TRUE,1.50818E+12,1,2000,400,2
3de40617,correct,random,400,200,400,TRUE,1.50818E+12,1,400,200,1
2ee4067a,correct,maxdiv,200,400,400,TRUE,1.50818E+12,1,400,200,1
8ba40679,correct,maxdiv,200,400,400,TRUE,1.50818E+12,1,400,200,1
32d4068d,correct,max,400,200,400,TRUE,1.50818E+12,1,400,200,1
2ee4067a,correct,maxdiv,2000,200,2000,TRUE,1.50818E+12,1,2000,200,3
b2a40232,correct,random,200,2000,2000,TRUE,1.50818E+12,1,2000,200,3
8ba40679,correct,maxdiv,2000,400,2000,TRUE,1.50818E+12,1,2000,400,2
2ee4067a,correct,max,400,2000,2000,TRUE,1.50818E+12,1,2000,400,2
32d4068d,correct,max,200,2000,2000,TRUE,1.50818E+12,1,2000,200,3
8ba40679,correct,max,400,200,200,FALSE,1.50818E+12,0,400,200,1
32d4068d,correct,maxdiv,200,2000,2000,TRUE,1.50818E+12,1,2000,200,3
2ee4067a,correct,random,2000,400,2000,TRUE,1.50818E+12,1,2000,400,2
8ba40679,correct,maxdiv,2000,200,2000,TRUE,1.50818E+12,1,2000,200,3
2ee4067a,correct,random,200,2000,2000,TRUE,1.50818E+12,1,2000,200,3
8ba40679,correct,max,2000,200,2000,TRUE,1.50818E+12,1,2000,200,3
32d4068d,correct,random,200,400,200,FALSE,1.50818E+12,0,400,200,1
32d4068d,correct,random,200,2000,2000,TRUE,1.50818E+12,1,2000,200,3
2ee4067a,correct,max,200,400,400,TRUE,1.50818E+12,1,400,200,1
53f29622,correct,max,200,2000,,,,1,200,2000,3
53f29622,correct,max,2000,400,,,,0,400,2000,2
53f29622,correct,random,400,200,,,,1,200,400,1
58d296ab,correct,random,400,2000,,,,0,400,2000,2
c4a2972c,correct,max,200,400,,,,0,200,400,1
58d296ab,correct,random,200,2000,,,,0,200,2000,3
53f29622,correct,random,400,2000,,,,0,400,2000,2
c4a2972c,correct,random,2000,200,,,,1,200,2000,3
58d296ab,correct,max,200,400,,,,1,200,400,1
53f29622,correct,max,400,200,,,,0,200,400,1
c4a2972c,correct,random,2000,400,,,,0,400,2000,2
b1b2976a,correct,random,400,200,,,,1,200,400,1
53f29622,correct,random,200,2000,,,,0,200,2000,3
c4a2972c,correct,random,200,400,,,,0,200,400,1
b1b2976a,correct,random,2000,200,,,,1,200,2000,3
50b29693,correct,max,2000,200,,,,1,200,2000,3
c4a2972c,correct,max,2000,400,,,,1,400,2000,2
50b29693,correct,max,400,200,,,,0,200,400,1
b1b2976a,correct,max,2000,400,,,,1,400,2000,2
50b29693,correct,random,400,2000,,,,1,400,2000,2
b1b2976a,correct,random,400,2000,,,,1,400,2000,2
58d296ab,correct,max,2000,400,,,,1,400,2000,2
c4a2972c,correct,max,2000,200,,,,0,200,2000,3
50b29693,correct,random,2000,200,,,,1,200,2000,3
b1b2976a,correct,max,200,400,,,,1,200,400,1
50b29693,correct,random,200,400,,,,0,200,400,1
b1b2976a,correct,max,2000,200,,,,1,200,2000,3
58d296ab,correct,random,400,200,,,,0,200,400,1
49a298f1,correct,max,2000,200,,,,0,200,2000,3
50b29693,correct,max,2000,400,,,,0,400,2000,2
58d296ab,correct,max,2000,200,,,,1,200,2000,3
abf299f0,correct,random,400,2000,,,,0,400,2000,2
abf299f0,correct,random,2000,200,,,,0,200,2000,3
abf299f0,correct,random,200,400,,,,0,200,400,1
b5b29b74,correct,random,2000,400,,,,1,400,2000,2
49a298f1,correct,max,400,2000,,,,1,400,2000,2
1db29b40,correct,max,200,400,,,,0,200,400,1
9be29b07,correct,random,2000,200,,,,1,200,2000,3
1db29b40,correct,random,400,2000,,,,1,400,2000,2
b5b29b74,correct,max,2000,400,,,,1,400,2000,2
dbc29b73,correct,random,400,200,,,,1,200,400,1
9be29b07,correct,max,400,200,,,,0,200,400,1
b5b29b74,correct,max,200,2000,,,,1,200,2000,3
abf299f0,correct,max,400,2000,,,,1,400,2000,2
1db29b40,correct,random,200,2000,,,,1,200,2000,3
dbc29b73,correct,random,200,2000,,,,1,200,2000,3
49a298f1,correct,random,400,200,,,,1,200,400,1
b5b29b74,correct,max,200,400,,,,1,200,400,1
9be29b07,correct,random,400,200,,,,0,200,400,1
abf299f0,correct,max,400,200,,,,1,200,400,1
1db29b40,correct,max,2000,400,,,,1,400,2000,2
1db29b40,correct,max,2000,200,,,,1,200,2000,3
49a298f1,correct,random,2000,400,,,,1,400,2000,2
b5b29b74,correct,random,2000,200,,,,1,200,2000,3
1db29b40,correct,random,400,200,,,,0,200,400,1
dbc29b73,correct,random,2000,400,,,,1,400,2000,2
abf299f0,correct,max,2000,200,,,,1,200,2000,3
b5b29b74,correct,random,200,400,,,,0,200,400,1
9be29b07,correct,max,200,2000,,,,1,200,2000,3
49a298f1,correct,max,200,400,,,,1,200,400,1
e7c29d29,correct,random,2000,200,,,,0,200,2000,3
bab29c29,correct,max,2000,200,,,,1,200,2000,3
dbc29b73,correct,max,200,2000,,,,1,200,2000,3
e7c29d29,correct,max,200,400,,,,1,200,400,1
49a298f1,correct,random,2000,200,,,,0,200,2000,3
9be29b07,correct,random,2000,400,,,,0,400,2000,2
e7c29d29,correct,random,2000,400,,,,0,400,2000,2
9be29b07,correct,max,400,2000,,,,1,400,2000,2
dbc29b73,correct,max,400,2000,,,,0,400,2000,2
bab29c29,correct,random,200,2000,,,,1,200,2000,3
e7c29d29,correct,max,200,2000,,,,1,200,2000,3
dbc29b73,correct,max,200,400,,,,1,200,400,1
e7c29d29,correct,random,200,400,,,,0,200,400,1
84c29e7c,correct,random,2000,400,,,,1,400,2000,2
e7c29d29,correct,max,2000,400,,,,1,400,2000,2
84c29e7c,correct,max,2000,200,,,,1,200,2000,3
bab29c29,correct,max,2000,400,,,,0,400,2000,2
84c29e7c,correct,random,400,200,,,,1,200,400,1
bab29c29,correct,random,400,2000,,,,1,400,2000,2
84c29e7c,correct,max,400,2000,,,,1,400,2000,2
84c29e7c,correct,max,400,200,,,,1,200,400,1
c2a29e7e,correct,random,200,2000,,,,1,200,2000,3
bab29c29,correct,random,200,400,,,,1,200,400,1
c2a29e7e,correct,max,400,200,,,,1,200,400,1
9ef29fbb,correct,random,400,2000,,,,1,400,2000,2
84c29e7c,correct,random,2000,200,,,,1,200,2000,3
bab29c29,correct,max,400,200,,,,1,200,400,1
c2a29e7e,correct,random,400,200,,,,0,200,400,1
6de29ff1,correct,random,400,2000,,,,0,400,2000,2
9ef29fbb,correct,max,200,2000,,,,1,200,2000,3
73d2a080,correct,max,200,2000,,,,1,200,2000,3
73d2a080,correct,random,2000,400,,,,0,400,2000,2
6de29ff1,correct,max,200,2000,,,,1,200,2000,3
9ef29fbb,correct,max,400,200,,,,1,200,400,1
73d2a080,correct,max,400,200,,,,1,200,400,1
73d2a080,correct,max,2000,400,,,,0,400,2000,2
c2a29e7e,correct,random,2000,400,,,,1,400,2000,2
9ef29fbb,correct,random,200,2000,,,,1,200,2000,3
73d2a080,correct,random,400,200,,,,1,200,400,1
c2a29e7e,correct,max,2000,400,,,,1,400,2000,2
9ef29fbb,correct,random,400,200,,,,0,200,400,1
c2a29e7e,correct,max,2000,200,,,,1,200,2000,3
73d2a080,correct,random,200,2000,,,,1,200,2000,3
9ef29fbb,correct,max,2000,400,,,,1,400,2000,2
6de29ff1,correct,max,400,200,,,,0,200,400,1
6de29ff1,correct,random,400,200,,,,0,200,400,1
6de29ff1,correct,max,400,2000,,,,1,400,2000,2
6de29ff1,correct,random,200,2000,,,,0,200,2000,3
1ec2a554,correct,max,2000,200,,,,1,200,2000,3
1ec2a554,correct,max,200,400,,,,1,200,400,1
1ec2a554,correct,random,200,400,,,,0,200,400,1
1ec2a554,correct,random,400,2000,,,,1,400,2000,2
1ec2a554,correct,max,400,2000,,,,1,400,2000,2
1ec2a554,correct,random,200,2000,,,,1,200,2000,3
ebb29e26,correct,max,200,400,,,,1,200,400,1
ebb29e26,correct,random,400,200,,,,1,200,400,1
ebb29e26,correct,max,400,2000,,,,1,400,2000,2
ebb29e26,correct,random,400,2000,,,,1,400,2000,2
ebb29e26,correct,max,200,2000,,,,1,200,2000,3
ebb29e26,correct,random,2000,200,,,,1,200,2000,3
d7e960ad,correct,max,200,2000,,,,1,200,2000,3
d7e960ad,correct,random,200,400,,,,1,200,400,1
2fd961e4,correct,max,200,2000,,,,1,200,2000,3
d7e960ad,correct,max,200,400,,,,0,200,400,1
d7e960ad,correct,max,400,2000,,,,1,400,2000,2
2fd961e4,correct,random,200,400,,,,1,200,400,1
2fd961e4,correct,random,200,2000,,,,1,200,2000,3
d7e960ad,correct,random,400,2000,,,,0,400,2000,2
2fd961e4,correct,max,200,400,,,,1,200,400,1
77b96386,correct,max,400,2000,,,,1,400,2000,2
47f962d0,correct,random,200,2000,,,,1,200,2000,3
2fd961e4,correct,random,400,2000,,,,0,400,2000,2
2fd961e4,correct,max,400,2000,,,,1,400,2000,2
77b96386,correct,max,200,400,,,,1,200,400,1
d7e960ad,correct,random,200,2000,,,,0,200,2000,3
77b96386,correct,random,200,2000,,,,1,200,2000,3
77b96386,correct,random,400,2000,,,,0,400,2000,2
47f962d0,correct,random,400,2000,,,,0,400,2000,2
77b96386,correct,max,200,2000,,,,1,200,2000,3
47f962d0,correct,max,400,2000,,,,0,400,2000,2
1cd9645b,correct,random,200,400,,,,1,200,400,1
47f962d0,correct,max,200,2000,,,,0,200,2000,3
77b96386,correct,random,200,400,,,,0,200,400,1
47f962d0,correct,max,200,400,,,,0,200,400,1
1cd9645b,correct,max,400,2000,,,,1,400,2000,2
47f962d0,correct,random,200,400,,,,1,200,400,1
1cd9645b,correct,max,200,400,,,,1,200,400,1
98f9670b,correct,random,200,2000,,,,1,200,2000,3
7ab96623,correct,random,200,400,,,,1,200,400,1
98f9670b,correct,max,200,400,,,,1,200,400,1
1cd9645b,correct,random,200,2000,,,,1,200,2000,3
7ab96623,correct,max,200,2000,,,,1,200,2000,3
98f9670b,correct,random,200,400,,,,1,200,400,1
7ab96623,correct,max,400,2000,,,,1,400,2000,2
b7a96597,correct,random,400,2000,,,,0,400,2000,2
7ab96623,correct,max,200,400,,,,1,200,400,1
98f9670b,correct,max,200,2000,,,,1,200,2000,3
b7a96597,correct,max,200,400,,,,1,200,400,1
7ab96623,correct,random,400,2000,,,,1,400,2000,2
98f9670b,correct,max,400,2000,,,,1,400,2000,2
7ab96623,correct,random,200,2000,,,,0,200,2000,3
1cd9645b,correct,random,400,2000,,,,0,400,2000,2
e5f96958,correct,random,200,2000,,,,0,200,2000,3
1bc969c5,correct,random,200,2000,,,,0,200,2000,3
8bc969c1,correct,random,200,400,,,,1,200,400,1
1bc969c5,correct,max,200,400,,,,1,200,400,1
e5f96958,correct,max,400,2000,,,,1,400,2000,2
e5f96958,correct,random,400,2000,,,,0,400,2000,2
17a96a1b,correct,max,200,400,,,,1,200,400,1
98f9670b,correct,random,400,2000,,,,0,400,2000,2
8bc969c1,correct,random,400,2000,,,,0,400,2000,2
e5f96958,correct,max,200,2000,,,,1,200,2000,3
17a96a1b,correct,random,200,2000,,,,1,200,2000,3
e5f96958,correct,random,200,400,,,,1,200,400,1
8bc969c1,correct,max,200,2000,,,,1,200,2000,3
17a96a1b,correct,max,400,2000,,,,1,400,2000,2
b7a96597,correct,max,400,2000,,,,1,400,2000,2
e5f96958,correct,max,200,400,,,,0,200,400,1
8bc969c1,correct,max,200,400,,,,1,200,400,1
17a96a1b,correct,random,200,400,,,,1,200,400,1
8bc969c1,correct,max,400,2000,,,,1,400,2000,2
17a96a1b,correct,random,400,2000,,,,1,400,2000,2
1bc969c5,correct,random,400,2000,,,,0,400,2000,2
8bc969c1,correct,random,200,2000,,,,1,200,2000,3
1cd9645b,correct,max,200,2000,,,,1,200,2000,3
20e96be4,correct,max,200,400,,,,0,200,400,1
1bc969c5,correct,max,200,2000,,,,0,200,2000,3
20e96be4,correct,max,400,2000,,,,1,400,2000,2
17a96a1b,correct,max,200,2000,,,,1,200,2000,3
b7a96597,correct,max,200,2000,,,,1,200,2000,3
1bc969c5,correct,max,400,2000,,,,0,400,2000,2
20e96be4,correct,random,200,400,,,,1,200,400,1
1bc969c5,correct,random,200,400,,,,1,200,400,1
20e96be4,correct,random,400,2000,,,,1,400,2000,2
20e96be4,correct,random,200,2000,,,,1,200,2000,3
20e96be4,correct,max,200,2000,,,,1,200,2000,3
b7a96597,correct,random,200,400,,,,1,200,400,1
b7a96597,correct,random,200,2000,,,,1,200,2000,3
49e96e1f,correct,max,400,2000,,,,1,400,2000,2
49e96e1f,correct,random,200,400,,,,0,200,400,1
49e96e1f,correct,random,200,2000,,,,1,200,2000,3
49e96e1f,correct,max,200,2000,,,,1,200,2000,3
49e96e1f,correct,max,200,400,,,,1,200,400,1
a9e968c1,correct,max,400,2000,,,,0,400,2000,2
a9e968c1,correct,max,200,400,,,,1,200,400,1
a9e968c1,correct,random,400,2000,,,,0,400,2000,2
49e96e1f,correct,random,400,2000,,,,0,400,2000,2
a9e968c1,correct,random,200,400,,,,1,200,400,1
a9e968c1,correct,random,200,2000,,,,1,200,2000,3
a9e968c1,correct,max,200,2000,,,,0,200,2000,3
51d94ae2,correct,random,200,400,,,,1,200,400,1
51d94ae2,correct,random,200,2000,,,,1,200,2000,3
51d94ae2,correct,max,200,2000,,,,1,200,2000,3
f3a94ab5,correct,max,200,2000,,,,1,200,2000,3
f3a94ab5,correct,random,200,400,,,,1,200,400,1
51d94ae2,correct,max,200,400,,,,1,200,400,1
f3a94ab5,correct,random,200,2000,,,,1,200,2000,3
51d94ae2,correct,random,400,2000,,,,1,400,2000,2
f3a94ab5,correct,max,400,2000,,,,1,400,2000,2
51d94ae2,correct,max,400,2000,,,,1,400,2000,2
f3a94ab5,correct,random,400,2000,,,,1,400,2000,2
f3a94ab5,correct,max,200,400,,,,1,200,400,1
52f94b1f,correct,max,200,2000,,,,0,200,2000,3
52f94b1f,correct,random,400,2000,,,,1,400,2000,2
52f94b1f,correct,random,200,2000,,,,0,200,2000,3
52f94b1f,correct,random,200,400,,,,1,200,400,1
52f94b1f,correct,max,200,400,,,,0,200,400,1
52f94b1f,correct,max,400,2000,,,,0,400,2000,2
a5f94f40,correct,random,200,400,,,,1,200,400,1
a5f94f40,correct,max,200,2000,,,,1,200,2000,3
a5f94f40,correct,random,200,2000,,,,1,200,2000,3
a5f94f40,correct,random,400,2000,,,,0,400,2000,2
a5f94f40,correct,max,200,400,,,,1,200,400,1
a5f94f40,correct,max,400,2000,,,,1,400,2000,2
b5c95173,correct,random,200,400,,,,1,200,400,1
b5c95173,correct,max,200,2000,,,,1,200,2000,3
b5c95173,correct,max,400,2000,,,,1,400,2000,2
b5c95173,correct,random,400,2000,,,,0,400,2000,2
b5c95173,correct,random,200,2000,,,,1,200,2000,3
b5c95173,correct,max,200,400,,,,1,200,400,1
